numeroTarjeta,numeroCuenta,moneda,saldo
30599209180723,AE10 0680 1961 6021 0855 618,Ruble,3.77
4175009004250066,CY06 4584 7189 MUJR SOVO NYCY 1NMU,Pula,3.36
4911464571668274,GB23 NHPD 9159 1643 2331 92,Ruble,4.11
4017951229733545,FR72 6103 7599 04BS HLJ9 AMZR Z54,Yuan Renminbi,6.89
3588573378507958,RO20 LRBR O9W8 W9FL 105L QHP3,Euro,3.85
4913468363172955,DK33 9763 5947 6745 42,Zloty,1.37
3571021533271341,BA74 1382 4082 7448 0331,Koruna,3.59
6763392783040129,BH07 XAEG 1SAM XRBJ TVUF GV,Peso,6.71
4913502293694942,FR38 6287 9015 26CT D0W0 U0FI L36,Peso,7.39
3548171732358538,DO09 UG3T 1967 0330 7339 6266 3537,Lari,4.79
5002358660617464,IT32 S021 4333 912R 7R5L EPUV CPP,Yuan Renminbi,5.02
3547706405328382,AT78 0820 3168 3492 1042,Euro,1.90
5010125413353089,FI55 7895 2883 5284 78,Euro,2.66
4041599605736952,FR95 7387 3848 76TZ YKDT MT4F Q95,Zloty,6.93
5893890693464987,DE69 8067 7455 4900 9370 48,Euro,7.62
348789266028546,DO82 M2XZ 9087 8200 0207 1416 6516,Euro,2.28
5100147276189310,SA31 66EO QBFK JWUW ZIHV JEI4,Ruble,3.28
6374974814199809,ME72 9950 5148 0352 3044 03,Euro,9.78
3578866277797213,FR20 0132 8827 88RY M0CO SHQJ A65,Peso,2.91
30270971175867,BA84 6298 0764 0188 6484,Yuan Renminbi,6.39
5401910390713810,AL66 9825 7689 NLIN 1U9B PMYT MCHA,Yuan Renminbi,0.33
5602242010473683,CR36 6715 4194 1100 4281 1,Real,2.77
5598741845347059,BG11 SVGN 3538 14XI ZL3K ZV,Rupiah,3.63
4917710164677393,GT66 B9O7 TL5Y 1OUR U52K SS7N LN88,Rupiah,6.98
30034382731688,MT97 LJQR 2058 9XLB HALR BH8C FEMF ZOL,Krone,7.53
201604173625530,RS36 7238 1889 5921 7016 68,Krona,1.93
348700148438456,MR46 0333 8217 5926 0942 5703 113,Real,3.26
3565505836155845,SI08 5696 5276 4566 812,Real,1.81
3552225764380589,MR91 5276 3707 9177 8190 7025 727,Kwanza,0.21
5305091277317186,FI88 0699 8351 6285 77,Yuan Renminbi,9.06
3569090594846709,SM48 I511 0857 616T N9M8 RLYP QW7,Hryvnia,9.15
5602246563450691,FR64 0498 2323 76TJ ODUJ XA1X F52,Dirham,2.14
560223529414041105,RS55 8817 3385 5117 2235 36,Pound,8.68
561081032196387613,SK23 8010 1812 4583 2058 9527,Rupiah,9.83
3578808974793764,GL06 9204 9256 4128 13,Yuan Renminbi,7.89
201947552723479,AL57 9765 0486 CHQE PLKK XCIY UWWZ,Dollar,1.07
3553270366452146,FR41 6491 0016 30ET BFEY NEGG J07,Yuan Renminbi,5.90
6759979570328020130,FR16 7057 3819 57ZP ZUT3 PIAG T69,Yuan Renminbi,7.90
3544969725337680,FR92 5957 8643 91UH CEUX OYBG I89,Hryvnia,5.87
67063795781150550,IS39 4975 9594 8754 9689 5271 43,Rupee,8.37
5048372184905483,IT97 X910 9529 8362 VVXM 90XC 0B2,Baht,4.40
3563291600606394,RO68 WSZR 0KK0 FRPP KGD9 A4II,Ruble,2.67
3552205395786834,FR41 4417 4829 09WM PUXK HURF E43,Hryvnia,0.12
3537512755625654,AT41 7161 6107 3903 0165,Afghani,4.71
4905257584649911,HR59 0057 7889 2782 2294 5,Denar,4.78
4026456288699263,SE18 4264 4417 8198 2357 2095,Cordoba,2.81
4041371965625,SI26 5770 8933 3974 294,Franc,8.96
3530523242595894,LB23 3437 RZXM 09RW K73U FFZG SBQP,Yuan Renminbi,9.45
3537935122376323,EE22 1599 8971 7503 6334,Euro,8.19
5002359017178242,IS46 6208 9424 0687 2995 5988 88,Krona,6.16
3585795108517451,FR57 7049 0907 1095 WRBW IXOP V11,Somoni,8.45
3548813926804641,BG43 MJRV 8169 28Y6 JZIP PW,Yuan Renminbi,6.37
201525515814609,FR72 0700 2763 185D OEJB NKVH T09,Hryvnia,6.98
4844748666888900,GB70 RPBK 7617 6060 9627 80,Lari,7.09
201886352112501,IT02 Y714 8598 3074 QVFO 1Q1O YHF,Won,9.26
3588964181376915,LT81 9590 6490 6681 1578,Dollar,7.49
3577764357087053,DO28 BBUC 6255 4627 2724 5225 7039,Guarani,4.08
30511618759278,EE59 0396 4431 0367 4149,Rial,0.00
4041370667834048,SK43 4107 4042 5719 9941 0746,Zloty,4.50
3558994511299103,NL83 OQSJ 8311 2968 91,Won,2.72
6334408619561938,PK97 CSSM M4EE QTNO WJZN XIRC,Peso,1.40
3559043520285692,BH94 WYSJ U7GE OH8C 5S7T EL,Euro,1.92
6761846235514934,BG60 FPXS 7320 30LR KNNY MQ,Dong,2.46
589387027755914106,FR80 7454 8122 90AV DXRK YWZG I44,Yuan Renminbi,0.22
5602224409760250,SK85 9465 3388 4406 6453 4594,Shilling,2.74
5602246019877711,CR54 0283 6223 4143 1630 1,Real,8.58
5541067567232214,AT17 6431 4867 7182 3169,Marka,6.68
201799043156508,HU45 7049 2726 0574 8366 8109 6512,Yuan Renminbi,8.03
5602210653516589,AL45 5818 3473 XRH6 TUDP NCFN XDQL,Leu,7.35
201500077072755,TN46 7898 2069 3382 0135 2235,Rupiah,9.23
5100136496888819,DE39 0915 4880 7013 9118 26,Peso,8.35
3567525226339625,PK02 COJE STFA ZDC9 KIVV MITX,Peso,6.47
5554341102938658,FR65 7649 4903 31KC VRX5 QAHN I68,Hryvnia,5.99
201714939771435,GR77 4579 947T F79Z QVRD R577 MMZ,Zloty,0.30
3584839884024364,SA11 22IC 0UUF 74V2 XZIJ IWSQ,Real,7.17
3545727145118869,BG09 VEMD 9142 9155 EJYQ L3,Yuan Renminbi,1.77
6761355495898961,PS18 NPAK RGJ8 3Z4W 7QNG KLRP NFTB L,Baht,6.05
677136470046641749,AL63 6815 7860 8QW1 GPHA BCZI IG2W,Yuan Renminbi,1.30
5429117065044947,GB53 APOB 1467 8198 5609 23,Peso,7.88
337941113882152,CZ63 0828 2848 2573 1918 2148,Peso,2.58
3544577115610580,NO92 5572 4163 788,Yuan Renminbi,0.90
3575950575068221,AD43 3064 3482 C4H5 HKAC ZQZD,Zloty,9.98
6761879031066522099,FR04 4822 1310 06KS RCHE LGXA E88,Ruble,3.87
5602215071409259,MK77 689S DBBJ OJXN R45,Rupiah,3.16
56022555640743950,SM82 A415 7780 789O 0NBH AQCM CKU,Franc,1.99
4175003049816684,NL89 UJXS 2050 5796 95,Euro,4.34
337941231628875,TR57 6036 1SGT 2DV0 NFE1 HMS9 BG,Yuan Renminbi,2.53
676352206592111292,MK77 443Z HESJ J4EK M07,Yuan Renminbi,1.86
4405977808174140,GE22 OC73 3490 3782 9883 62,Dong,4.81
201519181635489,TR68 4631 6MUL NWLW 2ZLZ NMBC XE,Euro,6.34
5586029848171518,BG43 MMKB 2380 66DL BBHA UY,Won,3.86
4508698458578465,TN42 3344 5326 4705 2953 1405,Peso,6.81
670912275111542861,AZ31 MHWQ CZV2 9CUC 4T76 8TXI UTTQ,Rand,3.63
3567867962426939,ES90 3382 3033 7057 2224 4667,Zloty,0.78
3542246417620075,CR58 2258 6692 5693 8529 8,Rupiah,0.20
3556108312486866,SM91 Y726 8850 696C YK7S ORJN UTS,Bolivar,4.89
3571960568847279,PL80 7510 8318 8019 2471 0389 2073,Euro,1.99
3530394905624847,MC02 1597 2216 58QW ZOTT KV2I L16,Euro,8.28
5641822331759960,ES27 7153 4986 3086 6012 7304,Ruble,8.12
5133270968652550,LI89 3206 9SEO VLZ3 7V0T N,Naira,0.68
201980564212744,SE78 2580 5429 8740 3372 1495,Zloty,7.67
502030273033340060,DO90 WXSX 3667 6340 5678 0428 4034,Real,7.80
3541613899549190,AT11 3655 8249 1496 9034,Yuan Renminbi,2.48
3531987672075439,FO32 2576 0716 1576 50,Peso,8.01
3563375304948457,HU14 3571 2120 8854 3944 3633 1508,Pound,4.84
3589875145986772,PK22 VGDB 8RK4 ALQ9 8YT2 P6JD,Manat,2.91
30168838508538,FR21 3994 3775 02ZO 2D8V G8EP U25,Dong,5.57
337941705364833,IS67 5590 3257 8007 7131 1095 95,Yuan Renminbi,0.50
372301943251498,CZ93 5179 7948 5752 3955 0488,Ruble,2.29
5501272960469870,FR74 5423 7481 15MC PNDT WBPJ H81,Rupiah,6.39
3550548854523251,VG96 CHVH 8851 9814 9415 4304,Bolivar,2.89
349333455492244,SK43 9081 9921 0173 5859 6204,Peso,7.09
4508031235645615,AT21 5718 6225 3437 1642,Rupiah,0.10
4936669942452653021,BR93 6367 7782 7122 8161 2607 366D M,Peso,0.44
4405857890640895,AZ52 TVGZ PIQD MAWX QZM5 I4LT 20KP,Peso,8.14
3534085357562412,AZ30 LGPP IVVM CYUN 764K FJRT 4Q7Z,Yuan Renminbi,1.04
676261260122100218,LI37 7183 9WIX WWX5 DZHR M,Dinar,1.09
3588499975882265,AL05 4666 2643 XB7G 9DAJ TJ5J FOGW,Euro,8.13
30003110850490,PS77 FACU 1X4H ACAC AGM6 BWD3 BIFL X,Rupee,3.94
3562022591777865,SE80 4136 7620 2220 7280 1556,Yuan Renminbi,0.15
6334726379491990,PS06 CVIM NVRP 6XAW XMIE NR1X XBAL P,Euro,2.94
5108751912160254,LT36 2217 5458 7661 1259,Tenge,9.21
3571930771600187,IL40 7452 2899 9342 4709 540,Tenge,0.75
3557049909232900,RS44 3458 6015 7124 5239 40,Peso,3.94
5610533415610436,RS93 2957 9357 5193 8215 28,Ruble,8.19
3543552494843459,HU52 1498 9881 9314 8091 0592 9509,Real,2.32
6331103401815005,FR30 9801 7976 76PC MNUQ UWA0 A50,Real,8.32
201472041449354,FO06 2800 1417 0479 96,Ruble,0.74
5602254733290237,SI21 4263 8701 0550 522,Euro,6.00
372563746585766,FR66 3217 4658 03EJ 6L1T DHHP R96,Rupiah,4.15
4295593087523,BE96 1184 0166 0301,Dong,6.85
6379501565331649,CY38 9299 1084 DXN6 5QYJ THBD 1VDC,Rupiah,3.41
560222370024927933,LU54 049S GNMU X122 D5SH,Hryvnia,2.71
3543973484661323,LV84 KFRE ASBI EDWD SXJO P,Ringgit,2.77
493631379866103759,RS34 4184 1676 1970 2086 57,Won,3.79
30079056766973,MR88 4522 4854 7854 4352 1587 798,Yuan Renminbi,9.30
5602235918643928,HU75 8304 8864 5726 8381 7969 6074,Hryvnia,1.09
4041377524566,DK81 5223 3622 1624 46,Yuan Renminbi,8.58
3531365339782491,FR09 4199 5886 53TN 9JIA NKZZ K46,Franc,9.29
6304984754768609,SE66 9455 1044 5916 2517 2632,Dong,4.39
6333608487857786,MU97 QGZG 1000 1674 7297 2295 271M RM,Zloty,2.82
345095672281973,AZ90 ZTLY WIOV EL4H HUDF KAVQ RWCB,Franc,3.35
3574199137350880,FR30 8247 8943 80RN Q4KF RYEA 326,Franc,9.46
3586438916405648,BH46 ZESZ Z4RG XOR9 GBG1 5P,Real,3.49
3555845253720610,BA54 9394 2090 1688 7962,Baht,2.57
6371774316196649,CY95 8556 1542 ALHP DM1V ORUO WLCF,Rupiah,5.22
3568584095579307,PT59 8914 6102 5427 2840 7433 6,Peso,4.19
3575409647859927,FR40 5269 5017 065K QECK AB9P D23,Yuan Renminbi,8.49
6709890106442189658,LV92 BGFI QDJK ET22 QELR S,Colon,4.53
5010121566133824,NO59 3497 3312 700,Yuan Renminbi,5.57
3549693017505201,GE62 EY70 8543 3500 4525 61,Yuan Renminbi,1.58
36884393552521,FR37 1496 9471 00IV U5U7 QZEF Q78,Real,4.25
490596096869134073,FR09 0393 7913 71ST HMF6 CPSZ T54,Krona,6.97
3539918782988072,BH94 LETV TKEX 6NEC NNLL 5U,Yuan Renminbi,4.93
5002358760431683,FR40 3673 4216 56NZ Z9SG 3QKI R48,Rupee,4.86
3564142765657137,CH40 0850 3XDI JPYO ID9I M,Ruble,4.92
6304279495335751117,NO26 7571 3075 256,Euro,4.91
5108752381257605,LT72 8795 9931 1617 9620,Ruble,8.60
201801146951577,BH43 LEWZ 8NDA OKNH 3CIK MB,Yuan Renminbi,6.87
3554452349215845,LB62 8866 VNJR RHNE QPVZ HU54 F587,Real,1.20
5235168699052735,KZ09 729W CZSZ SK8Q J2PP,Peso,0.12
3580336006315881,EE54 4593 3845 7606 5430,Peso,8.42
4508671137793532,IS59 0230 2692 6857 0662 3452 77,Rupee,3.55
3579873063729482,TR17 5166 7P6R H0MJ 7IUD 0JFC M5,Euro,1.69
374622407754695,BA79 6918 4686 1297 0797,Tenge,0.61
201609991825584,GE72 MT39 3002 5875 1931 75,Yuan Renminbi,3.37
50207187752423708,LB71 3543 DBIM 9TTW FD4L MS1N LS6Z,Yuan Renminbi,6.78
3529250618401191,ES21 5715 3043 6622 6200 9982,Euro,0.41
4451589646232,NL47 UJFC 3617 0007 00,Yuan Renminbi,4.41
6709205281455341,SI95 3768 9026 3013 463,Ruble,2.30
3576186980088426,HR55 1695 9097 3076 4275 6,Rial,3.33
6763797236697350332,KW04 UDEG MB5O M6RN ITB0 ZM1I LUHT XT,Ruble,3.35
5010125140689045,EE03 2355 3114 1347 1669,Zloty,5.42
337941500039200,LV90 HPVP GP75 1ALE UALR Y,Peso,0.48
30392836850847,HR68 1067 8342 2927 6764 5,Dollar,8.59
4041371953472,IS18 3536 8661 0616 2782 7369 07,Koruna,2.79
3558737104355034,IE78 XLOZ 3424 8149 3131 51,Rupiah,5.11
3546976441444466,LT16 3150 7734 7936 7922,Peso,0.85
201883314484888,FR74 1568 7241 92CU W8NK GH8M M41,Yuan Renminbi,0.03
4508336637074730,CZ82 3156 0380 5617 0832 5301,Yuan Renminbi,1.13
6331100235943080246,BA69 3562 1800 5504 7623,Won,3.85
3545819438956517,FO54 7097 4147 6901 89,Pula,6.63
36682370704135,GR04 0011 3400 T1RF JBGS SF7J QJR,Rupiah,3.95
3537384416525081,DO37 KA3H 8237 5236 0231 3943 0065,Yuan Renminbi,1.20
3534096858409094,FR48 4207 7909 342A WBAD BEXW Y29,Yen,7.87
675993327398934427,AE07 0843 2308 9287 2627 335,Yuan Renminbi,4.74
676142495430872554,FO16 7943 1382 6515 18,Yuan Renminbi,6.19
201830540251961,LB29 7114 XEWO UMVT F5PX ZNRY OAWY,Yuan Renminbi,1.71
6761858952936416342,PL62 6243 9694 7725 2510 1272 1045,Yuan Renminbi,4.15
5610768085666838739,FR35 1429 9161 62VJ DQYM 0U5M 203,Ruble,3.42
374288017566703,SM14 A676 5310 826F XW2N NBR5 66D,Yen,5.75
201917508539105,PS14 ORQK RFKP QQBL WGBF CP3W JYFW 1,Euro,5.19
30415598213217,GI53 NPAH QRYM PTE0 O0TV UOJ,Rupee,7.46
5100170032178104,LU21 085D O3R2 XP3T XPNC,Yuan Renminbi,1.46
374283110690286,GE21 DQ49 1290 3288 6635 37,Euro,2.98
3545581256082285,AL41 1623 9309 MCYP DMAX ZGPW AC7J,Real,6.73
3544478796448574,FR66 2364 1341 33SH NJUA BK9U P80,Quetzal,5.80
5100134700763076,BE02 3406 1737 3327,Peso,0.60
6304358142387935750,TN12 6588 9041 7310 8332 1089,Rial,2.94
4917258707832604,GE37 CS40 1947 6719 3031 51,Ruble,2.92
490370280286250777,GR24 7108 731S LROJ HMCV NZRZ UJZ,Real,5.17
5532574802658583,IT17 P628 7636 8552 TGHF WHIZ Y93,Dong,7.04
3546878597885205,KW92 CPWA YKG5 T6PK QLFI ZEO9 3DUI MT,Rand,7.52
6761610320551749810,SM03 B863 9327 0976 TBKX XYNE TWG,Ruble,7.71
4017950922849,EE86 2173 0313 8327 4168,Rupiah,9.05
6304563873568353,SA44 49HC E8OF PIS7 J3UL 3FTB,Birr,4.36
3557295668508069,SK86 5844 6279 3654 5308 2582,Yuan Renminbi,8.19
6771934863318444,FR56 7123 8133 736Z RSUK Z6SW 990,Rupiah,9.43
3585719903623355,LV35 XSHW WZU7 IMQY QFUG F,Franc,1.38
3586542701874098,DE12 0965 5913 8324 5316 78,Euro,4.45
5602234365225859,FR53 5612 1437 85ZF BBOC EEVR G43,Koruna,3.91
3544932201175602,SM80 U430 2656 107N NM65 KU4L ZNV,Ruble,8.20
3575691571255848,IE39 ZEOA 1478 6559 9309 85,Real,3.63
4917633695730129,PL32 6325 8385 2085 7842 3228 0926,Dollar,5.67
676241641759123398,AL32 3444 7731 RIJL 6ANO JNZQ X20L,Dong,8.31
201910191510475,FR65 8352 4644 461M FRDE 4GNR T17,Euro,8.86
3569404839987501,GB63 ZBDE 4716 9939 9496 71,Pound,0.78
503882990571014156,BE13 7502 1144 0282,Yuan Renminbi,1.76
3556183860788252,SA87 67SM HZYN MJAX BTVX PYUS,Euro,9.51
3562932993989571,AL80 8361 9564 7PEZ EPAO K8ZE EUDY,Real,3.16
374622038573845,PT90 8758 8239 8446 1970 7432 7,Ruble,1.12
501841304317730071,BH73 ZGWP C0EW TKD5 W620 AP,Dong,4.85
3577925758145408,DO61 DRHP 5641 6460 2719 4620 0865,Rial,8.11
5007663975166833,GR54 6994 650K UUIN PVIZ HQA4 YVP,Peso,0.76
3569279960263231,FR27 2429 9605 76S7 NEB8 P91I B98,Peso,1.95
3584264466709714,RS05 5291 2741 1558 5120 94,Euro,3.50
4041595576356,AZ96 JYCR ABNH CKX8 B237 CK3R QXYM,Ruble,1.58
6762230319231110581,GR92 9233 981F Q1RR SHAI KIZ7 S0M,Zloty,5.92
4844553402359079,RO91 CNDZ BV2X 78TN 0O4T Y8PS,Euro,6.19
3580802026218710,SE61 8437 0558 9018 7469 6156,Euro,3.32
6304071159279125,FR47 6604 3229 81SG IVKZ ONOC 015,Yuan Renminbi,0.97
201520622268054,DO55 CYMM 0415 9562 8183 9612 1394,Shekel,8.00
372301480281569,FR39 2728 0583 31FG PNQB UKAV 911,Dram,6.18
3576704442664558,VG36 FXEL 4876 8339 4374 3116,Peso,7.29
4041376205746,NL09 BEZX 4088 9879 57,Euro,4.63
56022532396208470,FR53 1858 3234 23MC 0QJX ZUXT 564,Rupiah,8.94
3540706911078825,HU31 6816 9900 6825 7836 6946 4846,Yuan Renminbi,6.70
3537809888907243,AL26 1838 4464 XZQ9 1LN0 B2QD C0ZM,Rupiah,7.73
3588872431189600,MD30 HJS9 VTS0 2E9N FUBF RKW5,Ruble,8.72
3538001872831527,DO79 TVRR 6946 0228 9147 8065 5450,Franc,4.06
5440751833128106,FR39 1038 7139 76YI BRGO 98QS O55,Cordoba,8.42
6763679457537814419,FR07 6981 4049 58BB EFX2 OBAJ B87,Dollar,5.95
3539167598468842,FI68 9608 0844 1160 16,Yuan Renminbi,8.15
3559136375896363,FR85 7436 0588 12HV JBKI VHKQ G33,Euro,8.30
3545461705046035,GE43 ZC95 0081 3061 2535 63,Ruble,9.39
4175004833570537,FR72 6987 2416 32JC IG5R VWRG N76,Rupiah,8.94
5602242818242629,IT63 T956 6691 309S 5UUY HR3W IIO,Rupiah,0.02
5602221184856238,FR48 7871 2793 14LF OX47 8UDB Y62,Rupiah,3.47
630438559630105709,VG34 IWBF 6111 8029 3347 2291,Yuan Renminbi,8.39
3534126068098005,FR19 1557 5031 38B7 H8YL ITCG T32,Real,3.65
493685957699026654,CH08 7891 2KBW VDRT 0FND B,Rupiah,6.14
3589717188436812,RS79 4877 6472 2342 5577 34,Ruble,0.53
201907500147726,FR65 6049 9310 113W HDWB I2NI 234,Peso,7.67
30141229407222,RO21 XKMS 4CMM VZYJ QNOU 56HK,Koruna,7.82
6385149047790651,GE81 VY70 7172 4469 4810 52,Rupiah,5.50
3551116060658607,LT61 5274 8845 8857 0221,Peso,4.19
30540967569798,GR02 1659 094V X9HE QQAH RXOX AZO,Rand,5.09
503864312204001587,MK43 934S GV7R NHOO 584,Dollar,9.31
5100177530462609,AZ58 TBSZ UZZY DA5A MU1Y QJIG D4RQ,Rupiah,4.81
30111899343916,CR02 1240 9742 2938 9120 8,Ruble,4.73
3536393947115917,LI13 8816 6HBX BVUX LOZ6 3,Yuan Renminbi,9.98
30556825479228,TN43 0912 4459 3500 8103 3112,Koruna,2.75
4017959294093943,FR93 9360 3307 11Y9 NMH4 6R7E E27,Rupiah,0.24
3585931037226035,LU71 308U NNKU 8TXU US4Y,Sol,2.20
6706834314385366,SE58 7268 3063 9753 9071 0541,Sol,8.62
4175003823860213,GR50 0648 396H 45IM 3GLO WIKF AHW,Som,6.33
3582689492602040,AT90 2436 1946 2347 6518,Euro,7.81
374283546261959,GB09 WMDS 3618 6545 1107 10,Rupiah,0.37
3555600991912700,CY45 6923 3385 YYTY KBIX GDAO VV3C,Ruble,5.81
3579428711935336,LB41 7554 TCEI 8NAL VO24 1TB8 TZZS,Rupiah,6.24
3576112884404089,BE56 3473 3492 8972,Baht,9.81
67626953352769361,LU26 1019 4DJK VA9E IIN2,Tugrik,1.59
560223648138697990,IL28 0096 7895 9202 7611 389,Krona,9.12
3542661052942503,HU65 3450 4032 3128 0544 7268 9748,Peso,8.29
5370657166520559,VG89 EZUB 9668 4370 2096 1196,Rupiah,9.81
6304682992938271668,FR22 6748 5305 45NH APRD PZWK P87,Yuan Renminbi,3.57
3565489512917994,LV95 ZBIH R3CK BEEW KPJJ R,Peso,1.36
3535383218239505,FR72 0320 0014 63SB IY65 U8L0 877,Rupiah,7.34
4175001595127456,FR97 1565 8376 041C 0NNR DYGC O23,Ruble,1.55
30077473694398,GR69 7261 070O ZP0U FBHS K7ZY FYH,Rupiah,0.17
30544630271659,VG38 LVOF 3221 0682 7943 6723,Rupiah,1.92
4017959369916747,DO28 LXOW 5954 4288 1175 5650 7959,Pound,4.41
4903195405700350,GL94 1929 8556 0445 54,Lempira,0.95
6333586744560054482,LU21 637L 72LZ YKM5 HINY,Dinar,5.69
3532610551857987,LI47 8880 7TJ9 ZWGZ IS6Z I,Shekel,8.54
3587795539292110,NO58 4398 5894 670,Kuna,6.79
374622710902916,LU20 065Q KWCK 9PMF ZHYJ,Baht,0.21
3553088535854426,GE47 VE22 9780 0401 4063 82,Peso,5.17
5602233430017796,BA39 3083 3566 7157 4267,Real,2.87
5602255378732805,ME40 6428 5514 5172 7524 26,Real,9.12
4917394835346603,GB53 RRRT 9008 5712 7779 34,Rupee,8.50
3565011088308778,TN96 6968 9217 9303 6251 6097,Yuan Renminbi,2.86
3534714546035200,FR91 5017 9434 11ZV D8HP XQRF W91,Yen,7.04
3562817983438434,CZ82 9735 1495 6325 4312 8795,Peso,6.47
3546586550460185,FO75 3037 0629 0776 60,Baht,8.97
5602239717208099,RS63 5005 4061 7618 7054 05,Euro,5.17
201407882639648,DK65 5097 1521 6354 60,Yuan Renminbi,4.27
3567782522587510,HR29 6509 5389 4330 1914 6,Peso,5.10
3567383343135215,FR20 7610 3572 12YZ NMLL UY6S J47,Yuan Renminbi,0.83
3589278706214603,DO78 ELRH 9511 0046 1836 9902 7311,Rial,9.93
491119452091690299,GT34 TNH7 XB3E LSXN FIX7 YW1Y NAZI,Peso,2.21
3571839921889154,BA17 4338 5102 4683 3499,Cordoba,8.44
5602221297572201,DO88 7BXO 3532 6073 2287 9747 8281,Euro,4.79
3552248646218553,PK95 AIFL D21S D2XV GWTV FLFF,Hryvnia,2.59
343867521907087,FR94 1829 5117 99WF R4LY NMZH F91,Dollar,8.44
201651774825530,SK42 8185 0978 5367 4124 7795,Yuan Renminbi,8.21
5602244288360659,HU25 2143 2253 2219 8386 6163 5940,Franc,0.63
3538403108582009,MR38 0895 6201 9973 7690 9128 624,Peso,8.55
3544472535833733,BH48 GMLI CLEY BZBD LTFT CP,Baht,2.82
560223338446264937,CZ68 8859 1913 9831 0421 9026,Dirham,7.89
3546302070792028,FR07 9726 4963 02OC XKUI 3XSE K37,Yuan Renminbi,2.86
374288870818498,CY80 1815 3449 5C7S XFCQ XHCU D0L0,Peso,3.90
201719118935628,FR03 1161 6495 57FD 223M GJIA N94,Ruble,6.46
3538175508961104,FR43 0816 2431 51BE MIJQ 4VHM Y55,Zloty,7.67
4844705009341633,SA46 56KT BGIM LFZI RJQW JEXW,Euro,4.24
633426160522625017,FR33 8881 1904 43F2 KMVF FFV2 636,Sol,2.27
633390878495100815,IS26 8730 6766 9809 2001 3917 62,Yen,9.20
3561502922095625,BG46 HWMO 6866 12O5 UEC1 6O,Krona,3.23
3555247158048140,PK20 ZIXD INAK RZFG MRX5 TQQM,Yuan Renminbi,7.52
56022411546554218,FR88 0434 9952 19C8 1ADO G2ZL H07,Yuan Renminbi,5.17
6334262758618667581,CH86 8321 4XOD U3BT LM7A N,Yuan Renminbi,6.32
6394452367205212,DO17 W4VH 9557 1656 2090 3702 5889,Zloty,0.88
30158113795215,NL24 EXQA 0313 2737 41,Marka,4.23
3572258748268071,CH23 3657 3L6A ORZ9 IJW2 H,Franc,5.45
3556069467502461,SK27 5119 3125 9522 4159 9629,Ruble,8.12
3586418594335705,FR25 4565 5727 38SX BLEQ 0VM5 656,Krona,1.52
5100142782485708,MC64 6269 4072 162L JTED ZF39 O36,Dinar,5.81
201443511397191,MT72 GMTU 0825 5TLL JFXY SYJM Y1SA SCS,Dollar,0.57
3587840465049215,LT58 0388 5119 2692 2018,Zloty,5.60
30217344957091,FR91 9011 9800 74MY XGPR JBB5 660,Sol,3.47
5002351750958898,EE22 5996 2661 9460 1785,Peso,4.64
3557144999775973,PT40 1477 7314 5627 2918 2390 5,Rial,4.58
201418581264778,FR13 5940 7547 53AL FMNK 8DEH K86,Dollar,1.21
5038494570792168,SM36 I648 6304 770V NXDV JDCG PUB,Real,6.22
5546908971772987,SA22 33QG P6AH PSA0 DPAV C2LC,Dirham,2.97
501892016126297187,ES40 3399 6175 8329 7125 1360,Yuan Renminbi,5.51
5610928381535098,FO48 7127 2683 1953 40,Euro,3.60
4936397800208748421,CZ80 2655 3799 1423 5945 8505,Ruble,7.79
30103708150442,LI98 9971 1PQG CNO1 ROQV Z,Rupiah,3.87
633110307628123568,KW45 IBZU BCLS 7ESL HDQU VBRN FVWH B9,Rupiah,1.47
630427579191235946,TR80 8251 0IX2 RXZP WZQZ RLNW QK,Pound,2.00
4903029623287225145,SM69 I230 8263 815A ITUQ SXAQ 72H,Ruble,0.81
3556529514542463,SA96 49AU EFQL RDX7 AEJL HRAR,Rupiah,5.25
4041379512486,SK06 3283 9589 0754 1913 3478,Ruble,6.59
3545420019264049,FR98 9108 1333 98MT 30JO IMDK O78,Rupiah,7.92
564182767440779485,ES75 5057 1777 5012 3287 4147,Zloty,9.16
201896227065545,SI61 2637 6405 8209 188,Won,0.62
4913331442528722,RO50 FVLD 3TUS VFHQ GBMK 6CU2,Ruble,6.00
3531048211139580,LI08 8178 8YDD 7XUC 7FHG K,Yuan Renminbi,1.86
6761576710881470438,GT14 M87E MJLR 9I9N 03X3 J0XP Y5LQ,Yuan Renminbi,2.05
6771473351042697628,BH21 PBMT G8TO T4H2 N12K 3R,Peso,3.73
5448823296111432,CR71 8075 7246 2855 3554 3,Afghani,5.70
374283913284089,MK73 525F TDEV VMY4 B57,Dollar,7.59
36540294024453,SA72 26LZ JS6S XLUA SKK1 3E6A,Rupiah,1.79
3582976045401727,TR09 0641 0B6K 6FIH MWGE LEQD EL,Euro,8.11
3564490236505454,GB71 NHOV 3024 4320 8811 40,Ruble,1.52
67623399925403240,ES11 8778 3767 1078 0867 1757,Quetzal,7.07
4175004990777347,GT14 DLWF UCIV D05V HOS7 MVSL JJAX,Yen,4.60
3537305457475068,FO65 1560 1233 8851 70,Ruble,5.55
5100175536601949,GE30 IA70 2849 8731 8560 72,Pound,2.90
3581637262050198,SI31 2147 1262 9239 366,Ruble,6.77
3571386447680766,EE61 1165 9115 8527 8780,Rupiah,8.11
5602224084671723,IL98 1994 8425 3549 5366 744,Rupiah,0.83
670908451884054618,FR39 6556 5819 43OF GWBL PWHO W24,Rupiah,9.76
3543056645240425,GR24 2677 775K N3MB MC8O LOEY COG,Peso,5.71
3542375848026386,MK75 486D EBRV AWGA J97,Yen,7.39
3548463001892911,LU32 236S OHF7 CEVZ GFS5,Peso,4.71
5610584861844656,CZ46 2586 6406 9922 0027 2839,Euro,1.09
3574151149161797,PL95 6204 4306 9608 2954 4984 3500,Dram,6.80
3546251387946910,HR22 3348 6537 9412 3606 9,Lek,1.15
340149755024720,MC55 2686 8849 21QR UXC3 T8TB V11,Taka,1.30
630498095422087430,AD16 0655 2974 CFBN HWDB O6MF,Euro,0.07
5535458342375386,PL63 0820 7836 0620 9624 5918 6513,Koruna,5.02
3532691165281731,RS41 6903 2943 2080 8243 56,Euro,9.46
5602213557264959,DK95 4688 9266 6930 99,Sol,2.63
30577770189661,RO48 BMSJ TPQC URMA NLY8 WMM5,Ruble,0.83
6771947119913018002,LI55 9953 5APD OXYX AQVY 4,Rupiah,9.65
3540753063591890,IE09 KKKI 2364 5820 9543 30,Real,9.71
3558945814019846,IL81 7144 0761 7219 4684 404,Ruble,2.14
3570783022071000,BH76 XFFX JYJC YCTA ES8M Z5,Dollar,9.38
5602226818092175,FR32 4787 6478 20II LKWC TSMG 471,Lek,0.02
3536272726547963,CR74 8208 3972 0008 4990 0,Dollar,2.53
3587526730152898,BE70 8349 1825 5806,Rupiah,6.49
3578964208341811,TR81 3757 2S6H QGCY FHNC TOSD JM,Rupiah,7.28
201584863375911,IL32 6807 3977 8962 6999 989,Lev,5.30
3537346175279994,MR17 7030 6362 7900 7675 6523 360,Euro,8.90
3540010738977412,FO24 3309 6123 1785 21,Kuna,0.00
6759104513213819,CZ75 4367 2485 9100 5063 4831,Yuan Renminbi,8.13
3549944732756078,TR28 9239 0TRI NETO NG5U BDWC XR,Koruna,1.79
3583002338346161,CZ97 1941 0813 1480 7450 0954,Krona,7.34
5108759772349818,BA11 4403 5127 9200 2008,Rupiah,2.68
5602256107450651,SI57 9623 5613 9179 399,Rupiah,8.84
58936570537628843,FR37 4241 2028 83OD AVTK DBUG 689,Dollar,5.57
337941725086903,PT30 5280 6541 0773 9680 7482 4,Peso,8.25
3572817222393331,BE55 2354 0050 4119,Boliviano,6.97
3579934752790506,LV86 FDFP VJUQ VG4E UKLB Y,Zloty,5.10
3541441058862018,FR24 6696 9921 53OK U3TW 3T53 T08,Real,1.26
6393108784203849,SK54 7810 6445 3041 1456 8697,Peso,9.88
5010129221356599,AE38 5596 1786 3427 8823 064,Ruble,7.72
5602220633242057,IT93 K505 9661 319A XVBQ 1VBW 62R,Rupiah,6.02
56105004025052273,DK28 4900 5588 3979 39,Yuan Renminbi,0.75
3548910433816108,LI31 5363 2SKI NDMH MME8 P,Yuan Renminbi,5.83
201790616031343,KZ42 891D LCFJ 5RW6 DUIA,Euro,9.66
3547596786780305,SA29 90US NTGR O03J HAGA C64F,Dollar,5.86
3539395448378297,SK33 0680 2395 6639 2970 6743,Rupee,4.09
3550537886698801,CH94 8905 5F6J TB4F 666S O,Rupiah,2.57
3546107968053668,KW02 IRNU DEWB KJ4Q CEM1 XLI6 4M92 IA,Peso,4.92
3530135728630663,IL13 0573 9064 5779 6618 223,Yuan Renminbi,5.59
30376359587506,LB27 1112 FKRS IMFU TTD5 AXG3 J1U6,Peso,4.14
30429674047001,GB89 BGXE 2805 8739 2215 15,Dollar,7.22
30056422251799,LV13 BLHS T0JW 96AO KSRY X,Peso,7.20
5048373259110553,LT48 7971 5113 3534 5314,Peso,1.71
5007662337445711,FR89 3835 1633 41TZ 5EXX HQ5E P53,Denar,2.58
3587113096611260,FR03 1195 4566 073Q F6UH IFNV I15,Naira,0.41
6771459710362152175,TN05 0220 6653 1767 8510 3191,Euro,6.94
3568384688744735,MC73 3810 7988 37N1 N38F RRYI L71,Real,5.53
675945950345009040,RS09 8650 8501 1303 8679 11,Naira,5.43
3573965169198954,NO86 5609 0807 794,Dinar,7.56
56022215801130451,AD29 8602 5923 WH8Y AM0E ZLEE,Ruble,8.17
342936476216314,MR56 5041 5160 7707 3826 9887 867,Ruble,6.58
3560272378808340,VG75 KKZQ 7279 8163 8402 8681,Yuan Renminbi,2.30
3584702158114784,FR23 0055 3395 91IC 1FRJ FPGX 164,Euro,9.08
4917706216723516,FR81 4309 4644 54F7 UTKA USLR 631,Dollar,2.96
3541770647587359,SA55 69SN FHEF VYMD VJHC QDJ7,Ouguiya,5.47
3530559094328232,SI58 4191 4711 8875 356,Rupiah,2.25
4041379193444,FR31 6822 4983 44JS GIVJ XB0D G60,Ruble,6.06
374283217548577,PL79 4961 9081 3867 5891 3764 8960,Real,8.22
4905885563323577,PT72 6097 9744 1537 0111 1444 1,Krona,4.23
3563426832183545,DE79 1957 9550 1834 8762 02,Pound,7.72
3552154017498511,KZ78 950Q ETEO BYIH AO9W,Rupiah,8.50
3572900721332701,FR02 2484 8144 75TV DPMJ T9VT F46,Colon,2.02
6304822865869864811,AZ55 NJVF VLFR 136A 7DYK ZXCL 3JEO,Yen,8.24
3540845771287405,GI88 MFFT S5JR G5XF DYFU KYB,Euro,1.85
5010125553192750,CH09 7777 9RJ2 Y8HW 7HA6 M,Yuan Renminbi,9.31
4905854912952029014,MK44 171A GO4E F5OK A31,Rupee,8.58
4041371378381,FR60 9299 8744 02OT XCVS 3TAZ W02,Euro,1.56
3533336492588023,AE98 5996 9208 7812 9124 836,Rupiah,6.30
6393702428769098,AD37 2161 0011 MLD7 EFHO G1KR,Yen,6.24
5048379797507028,BG31 FKPY 3567 85BS SBP9 JP,Peso,8.64
6334065565178826070,FR87 7133 8162 15WV XVCA WLJX W87,Sol,9.73
5100132520794032,IL31 4249 3761 2733 6248 576,Peso,7.20
5048379654324475,KW70 PIYX A2Y4 LBBF ETRM JOJT QRBW FG,Ruble,8.78
3558678513255912,FR49 4106 0914 62VP NRMW FQOK U48,Real,3.92
344295997532727,VG40 BXBO 4576 9328 0893 1067,Naira,4.26
56022349850125177,SA43 14MA TYY1 V6KF 24RY VAL7,Escudo,6.85
6706071134409358394,MU74 ZUTE 5807 1634 2526 0199 074G LZ,Yuan Renminbi,6.18
374622287325210,CY14 2068 9787 WDFC MACS 7ALB NWR7,Rupiah,0.70
491121565850518728,FR75 6681 0657 84K6 TEJV G5OT M70,Ruble,9.57
5546653677985695,AL68 1319 5419 NRJT N7CI 2RFN NGSG,Peso,7.91
3571003978062922,CY85 0447 8559 46C8 FI6N QFKA HAZU,Ruble,5.00
3587208396801593,CR16 7981 9606 0189 3293 7,Ruble,8.53
374283310563655,GL38 4220 3847 4390 37,Sol,6.31
3549621134929657,FR17 9017 1345 10RZ ILXR N1PX M80,Peso,1.60
374288118532349,CH81 7204 24OY RQF2 ASCK S,Euro,6.76
5010126538565094,VG46 IINU 8153 6376 3197 2911,Shilling,0.82
3568700516968115,CH29 1123 7J2W GDHF PBFR Q,Zloty,1.49
30164043104130,NL81 OMXM 6459 2870 91,Yuan Renminbi,0.65
3563323882164568,IE61 DQVV 6237 4115 4059 99,Euro,2.91
3565539802058006,AD23 2199 6375 AEPQ NODY RADC,Yuan Renminbi,2.46
3535325715099445,SA24 25YV HFMU YG4C BDFA KGSZ,Tugrik,1.50
4041594872665661,LV89 JNNX 5PVT UMIL 5WNW D,Yuan Renminbi,5.03
3589175268358192,GL40 7198 6138 5844 96,Yuan Renminbi,8.65
6706208670416125,NO05 3417 1897 150,Zloty,9.74
5602239596977806,AL62 0780 1232 MHBH G74Y 81MO CB0F,Yuan Renminbi,9.01
5602240240298839,DK52 4853 7461 0826 83,Ruble,4.01
675945427184774604,GL60 9794 7261 1004 00,Peso,1.67
30261937169342,MT16 FXSR 8344 4MNG YZIU ALAC CRED 2VZ,Ruble,1.40
3542909382585819,FR39 5593 8615 880P TTSY CDYD F77,Yuan Renminbi,4.75
3544814978242353,KW86 ESXR HCAP ZLBP C23E UQLK KFYF ET,Peso,1.56
3573738316342647,GR94 5974 039K ITAQ H7WS L3KP CC5,Sol,0.85
4913189650315913,LI33 8483 058J 76OQ IW5R C,Gourde,1.11
3531330865651486,MC60 4943 5134 54G3 NLG0 ZXK7 877,Ruble,6.10
06041335326216494,FR26 7101 9461 60JW X6ZR U6PV 788,Hryvnia,1.12
4508614785574986,IT51 V925 2713 428S 4TUL ZPYA PHI,Ruble,4.99
6763672727760324,DK02 5640 9714 6372 90,Yuan Renminbi,7.29
3569532547672211,FR72 5698 4350 07NG OIFH JUY5 E89,Yuan Renminbi,4.86
5610658211347618,GB98 VLZE 1556 9174 5195 25,Koruna,4.58
060400478459022628,GI68 TVMC IU2U BMPK BJYU XHJ,Yuan Renminbi,7.48
3529606890121767,BA11 8215 3429 0503 8401,Rupiah,6.43
3580751776850869,KW20 WFTB ICOO U89Q 9DG1 MWGT C30Q OK,Dollar,6.28
3542077859416924,LT28 1739 1719 2441 2856,Zloty,10.00
30057645681648,IE48 UKYU 6053 7913 2174 82,Yuan Renminbi,4.03
3545357478155666,ES35 6315 6998 7563 8314 9624,Rial,9.29
3531037970287557,SA11 58F0 NSDA MXI7 TPYX YAPG,Yuan Renminbi,4.89
3575666422406659,GL52 2679 1502 0117 11,Krone,8.70
5010121679983222,NO97 2412 6919 747,Rupiah,7.80
374288132238139,FR05 8313 4579 82LF EBS7 SMAY W58,Dollar,5.06
4041593618564,SI95 3476 2875 7201 088,Dollar,4.23
3568260815086291,PS75 AVZK LPK6 NDLN VISJ O9KL FOOG Y,Yuan Renminbi,8.63
3582190692623324,AZ73 XHWP GRXQ YMOA 1KRF CVKP QFC6,Yen,3.53
5107427212198564,DK23 8735 4159 2476 30,Peso,9.91
67633105745565417,LT23 2290 0095 3915 0554,Peso,9.15
5100147404448133,CH76 6446 2W8Y SVQY FRQJ 1,Ruble,5.72
3530956506378682,HU81 7437 6575 7657 9378 0606 7500,Peso,4.37
374288787203354,MU49 FUOU 6051 2676 5098 6123 962N HE,Ringgit,1.15
676281778163084906,RS09 7096 4501 1148 3560 28,Real,4.30
676131904212413902,AT76 3076 9642 1256 0055,Yuan Renminbi,5.38
6304328683378470,FR29 5653 2618 2036 YZIE 104Y R89,Sol,9.97
0604252756339176084,CZ07 1902 1193 8897 5986 3283,Yuan Renminbi,4.60
4041591168732452,NO12 0102 0503 456,Real,1.06
3552176326005703,LB06 5982 RCNZ CVO3 KLAE FFRT UYZ8,Rupee,6.03
3575927351344638,GR31 5136 446Y G9OC NZXQ WD7H PHD,Krona,9.90
3534362700302238,KZ69 537T CGEI STBA 83FA,Ruble,6.66
630429727198547833,HR31 7733 4013 2870 1597 4,Lek,4.49
3576009973337123,GB97 HNPL 2741 0085 0912 48,Peso,4.59
30163001476282,LV59 KZPO ASN1 QORK IOZB C,Dollar,7.84
3535006842044112,FR03 2919 4062 424U CP87 NJVE N77,Naira,7.74
201782546769910,SM48 P364 0643 975L EWQK SMXJ AAB,Yuan Renminbi,1.60
3555864840439717,FR80 5160 7849 57RP 4OGQ MAS2 F57,Yuan Renminbi,3.11
3555259170293414,MD10 ZP7U VY4O U9G1 WG5L F2UJ,Yuan Renminbi,2.35
5358689503112077,LT85 5349 5984 5020 5069,Pound,6.16
5602257475229966,HR42 4321 9523 8723 7724 2,Rupiah,9.89
56022194351505786,FR27 0584 7687 99IG ALXQ 025C V62,Lev,9.69
6371149832674678,ES56 2474 1645 9467 3951 4709,Peso,3.53
3553180684137537,MC56 1440 6500 79KO 18NL ZWSX H84,Rupiah,8.78
3542400342508497,FR77 4174 7184 953C PX4C 0XHW B68,Yuan Renminbi,8.86
3581188779181621,MR03 9306 0743 5004 8488 0566 275,Rupiah,2.46
670960278890938574,SI66 9519 7447 3144 810,Naira,1.69
3558622794847740,LT30 9673 6702 9442 3273,Ruble,6.04
3576598851814260,AL98 3752 5654 BYMW ZMUC CLHS NX8I,Krona,1.00
3537730276524400,PT38 3276 6543 7441 8592 1851 8,Rupiah,3.35
3578579106725319,AT40 6292 3087 8667 5884,Peso,0.98
3583920610274258,SK53 5079 5716 9574 2767 4091,Peso,3.13
5602236404526858,NO20 5544 8876 271,Peso,5.79
5490459338557865,SM72 P647 2625 427T KUGA NIP5 OMY,Peso,3.88
4175000814935541,MD33 XTXX DMML AXS3 DQPR NOVG,Yuan Renminbi,4.70
5108751617542277,FR59 5204 8839 89TJ ZBGI 6LNL S38,Peso,4.27
4041594603656,FR13 2867 8679 18JC OSO0 UWO1 E98,Peso,2.78
501888306762215742,SM96 F510 6632 434X OYAV ZVX2 OZZ,Naira,0.15
3587843590806228,GL39 2768 5175 0199 63,Dollar,3.21
3564658053634488,DK15 8169 9871 3470 03,Rupiah,9.06
3551601170093126,VG95 YFEC 7491 4155 7116 9805,Manat,4.11
5020151863971574,AL27 2040 8908 1FJK X2JW T2US QRBB,Tenge,0.55
5641823855445531,PL37 8619 8862 0163 8789 0483 2613,Ruble,9.54
4026022153994989,BR52 9342 7578 4762 4009 2534 892F P,Euro,1.47
5482560076111581,MC25 6476 9586 43OR PMJC 9K60 U28,Real,9.04
6304308811803359,LU66 265U 4P6E GPGJ 0FMR,Dollar,10.00
3564785034757631,FR44 3431 6654 44XI 8M0C NTF5 019,Real,5.58
4175002380286796,BG75 SNXK 2982 32TT 4D4C J1,Yuan Renminbi,3.70
30437047423403,PS69 LZEI S4IU PPK3 8EDY 3MV8 QZKV Q,Peso,4.04
5438614704355931,FO57 9330 0658 7920 97,Yuan Renminbi,6.21
5602240309466624,AD19 2708 2571 S9D0 JAVC ILCZ,Real,5.33
4175002905118193,RS27 3718 2328 5551 3277 52,Rupiah,0.88
3573546369756039,AL22 6641 3828 GOME N7TT O143 W1JG,Peso,1.54
3559909889212016,BE22 8868 6671 9190,Yuan Renminbi,5.96
30194515238835,FR22 3937 7392 03TY JL1B GDVD T85,Peso,0.37
3580652132073602,MU83 DJAC 8827 8809 2316 2065 890U WA,Bolivar,8.26
3543670301515761,ES76 3725 1263 5280 5258 1768,Yuan Renminbi,3.06
3556258141977757,SE48 8472 1059 5862 7163 4857,Zloty,2.97
201632351961682,PL12 4227 5909 5281 0782 9990 2173,Afghani,4.53
3585156600084567,ES98 7215 8541 1190 0151 6604,Hryvnia,7.76
633110494636691792,FR55 3435 1962 06CV NVCN C1GD 621,Yuan Renminbi,0.95
5002358014910763,FR79 7985 8488 79AR JOJA YGKL C88,Euro,4.72
4917843230412790,IS89 5410 1914 6759 8503 4334 21,Dong,7.61
3580305459095381,EE13 0643 0819 7910 1293,Franc,6.68
3572291474847412,SI11 8854 6991 2704 795,Franc,8.38
3588489132827782,GI16 QMFN VLSD ONGW JREC UBW,Rupiah,3.73
4026892620790628,AT30 6902 4946 9751 7871,Peso,7.21
3546492252333772,DO43 DNMM 6340 6866 6096 0196 7640,Manat,3.54
3570062136910860,MT72 HZQZ 6611 50TG B7NF 0WCS V7IR R16,Kuna,2.33
6759563983638973942,AE96 1023 6195 4432 2867 365,Real,5.05
3543181669039337,NL16 KPKM 7864 1547 44,Rupiah,0.77
4812942586268,AD09 5199 6639 WJTU UYFI DYWA,Yuan Renminbi,1.03
5893812354747754952,LI07 8574 4PZX 8NKV UL9L 3,Baht,2.42
4405314032138123,IE03 HWHX 5546 1779 4498 81,Rupiah,8.87
201940376725481,LU93 642R BTAW 5LVG RHXW,Dollar,4.82
5513386123945356,MC38 3644 8576 61W0 6O7B OBNV I04,Euro,0.85
3551655829733946,VG77 ONBZ 9641 8307 5252 1125,Dollar,1.16
3585178847005528,PS06 TBYQ 87MC BLRK ALPD 007A 8OUB X,Rupiah,3.22
67638950320724953,FR70 7882 6094 38YR 3E2C MICL T83,Yuan Renminbi,1.24
3567478095692759,FR95 5916 5811 442X RU4L G7HV V56,Peso,5.03
3558321303854723,GI51 IQDZ E1UA X7IC EVCR JAI,Koruna,6.44
5602254850847314,RS40 2433 2697 4636 8919 03,Quetzal,7.62
4017950115531518,BE46 0480 9437 9318,Euro,6.09
3561072409357179,AE40 2936 6563 1096 6808 060,Yen,7.87
3589048206807515,LU02 264F 7NQI PEFK ODDM,Krona,2.55
3530920680135052,CY98 4113 2207 KMPQ Q5FO DNTR HVLO,Lek,7.98
630402905919178150,FR67 2697 7658 556Q 8O0N 9HBI S63,Tenge,3.50
5602223434880869,CR57 8342 6641 0847 2220 2,Yuan Renminbi,5.10
201635836178913,GR95 4367 477O SZ0U BJUC DALN UZJ,Krona,6.95
4508042833866990,MR86 1325 3089 6570 1874 5735 246,Dollar,9.62
3567926177703928,HU65 9123 9540 1224 6790 0402 5074,Euro,1.09
5610284548848101,AZ59 SDFI NW5V X9M9 FAQI N942 P01X,Euro,8.40
3568804929044595,AD07 4601 3316 YOME MVKB XNXH,Yuan Renminbi,4.26
060452566323972833,ME98 4308 2734 1846 0587 51,Dollar,7.93
5280286608511551,FR39 8357 1588 8741 VW5B 7C2F B04,Euro,0.29
4175009583563103,FR87 6061 8099 80UY ZRX9 490W T95,Ruble,5.69
3546747647131235,FR47 6042 1936 90WG XAIX 6QCJ C00,Sol,1.51
3570385054470850,FR33 4969 4656 63YL 1JBV DSLA D92,Yuan Renminbi,4.20
3565750046815925,NO49 8801 7354 995,Yuan Renminbi,1.64
30085593582690,BA91 2848 7371 3822 6939,Yuan Renminbi,0.19
3576884273496047,TR45 8981 9OLX WJS9 TJBP DEH3 AK,Krona,8.49
5100137312033986,MU69 CRKD 0267 5645 7420 9633 711Z FA,Baht,4.62
3574913269641001,GR04 7069 408C Y54E 28H2 BN7S MPO,Zloty,6.01
3557705839807133,FR60 4602 5561 288F 0F3P HNVS N34,Rupiah,6.83
4023400350088966,FI19 1049 7691 2756 63,Euro,3.36
5038039701468164036,FR24 0571 1775 63AL M4UB MREC S78,Won,6.07
3577890725631510,FR77 9366 1101 71OV VAXD WNRN U68,Koruna,4.26
3564384108791302,AZ65 LGVT Y6OA 3F49 VY4B W6UC GOSN,Koruna,2.96
5007661988182532,FR03 3874 7108 28RS XZNX QAUC A98,Koruna,5.32
3561773974879139,MT75 EQMP 2570 0ECM XLY5 19XV INAN IAQ,Euro,1.73
3535821797588354,DE47 1184 4454 6903 9969 29,Won,7.26
4405891637148557,GE36 MP51 4278 6706 7126 87,Euro,7.44
5048371664955547,PT20 7152 8572 0032 2702 5810 0,Yuan Renminbi,7.10
5002358834866799,FR24 3328 0914 65O0 HLJQ YBF8 R64,Yuan Renminbi,6.78
337941064987810,HR40 9517 0796 4002 9500 5,Rial,8.46
3540151128471622,GT95 QKYN JZKG BJ3F IYNR ZK8U PPQN,Dinar,3.56
3555123241719825,LT88 8070 1258 0342 8014,Dinar,0.59
3572369074488587,EE46 2155 4637 8453 8363,Yuan Renminbi,2.24
6762347443630751,RO69 JDRD HGGH N3G2 SRUO UTAI,Rupiah,8.52
3542749657288826,SI24 3841 7746 0165 087,Peso,0.38
5602248559221948552,NL42 ZBCE 8412 3042 08,Euro,2.11
3547209993672162,GE20 AX27 8539 9323 0269 04,Yuan Renminbi,1.46
060443512927742935,MR90 5284 3989 0549 8882 8698 930,Lek,7.02
201860243617853,FR59 9135 0712 77OR GDNB HAHV X85,Denar,2.84
3556826550386791,AZ71 ZBUM C7PZ LRU1 OMJD YKM8 AEYV,Zloty,0.59
3548146220495653,FR20 1839 0345 38ZJ 85AA TSNK B32,Cordoba,5.82
3571195917462955,MT72 TGCJ 9597 2XNZ WV3N BASC WKLA 1VL,Krona,3.33
30162044982272,GT43 F0JR BKVD ZVA1 LF7D 9AIU YSVF,Euro,1.68
3555180953927459,PT06 2570 4832 2597 8956 1660 4,Franc,3.88
3567086717307027,DK29 0025 6782 8574 37,Balboa,0.05
3581967215843815,BR27 8300 4361 8437 9435 6280 901Y 2,Leone,4.51
3577754930428791,MC57 4268 0433 11AX WWPH 2ROJ Q90,Peso,5.43
6334884691553963053,GB86 ODYG 2421 2089 5884 47,Gourde,7.81
56022527482642756,CR07 5060 6159 8736 2744 6,Koruna,6.65
4041599006491,LV83 UUQK YADV JWYT JGOB J,Naira,1.73
677142270442424290,PL40 3524 5484 1081 8707 7529 6928,Dollar,3.55
3567151641182050,BG96 CTXW 7010 336C QQAZ GU,Koruna,2.13
3553639755839198,CR27 3566 6079 2635 0291 3,Dollar,5.49
3567561810461970,SM60 Z693 1729 7185 TSXK 4TOF GDT,Denar,7.78
3577133678073962,IL52 5298 8565 6742 7882 226,Dollar,7.92
4844655655977455,LB43 2885 6NZB EMPM R8AN HBM5 HJ3R,Euro,6.24
5402279712209330,RS67 6826 6596 8524 1385 88,Euro,2.90
490346489987992592,SA31 11KH 7NCJ HNGM I8KD BMSM,Peso,6.79
3554144780069365,AE86 2715 5002 3322 3333 556,Rial,0.08
3570917915432206,CZ23 9569 2472 5850 7916 4789,Won,2.53
201705283192814,DK53 8155 6575 8057 61,Birr,4.86
503849451347573373,LT81 3091 3039 3922 5434,Ruble,0.85
30057650863214,IL41 8704 4700 0289 5995 297,Shilling,2.63
56022575875422583,ME81 0097 5639 0535 7307 14,Peso,0.57
5018967951867257,IS96 6493 7159 6600 1685 4997 02,Yuan Renminbi,2.89
3569802300888522,PS10 VOYC FLSK 7S0D 3RDE ZWJD TZHN O,Dong,4.15
3587964212555520,PT86 2224 9223 9986 6008 5491 7,Euro,9.94
3532331179257696,LU04 9877 CFMN R1QY SZSD,Peso,8.11
633315566983604867,FI45 8591 0690 8544 65,Dollar,0.97
4508569597733412,PS91 DELG Y19F XJKJ Y6ZZ X2RR ZYYI 0,Real,4.89
3580519134343996,AL49 8335 2836 P6JH 2SMY 8HFR 7CZP,Dong,9.22
3564906183673870,FR02 8535 5633 92SY E04E IEGM U72,Euro,2.47
3542772622004250,DK10 6865 8612 9390 03,Ruble,4.00
5519691947560859,SM93 D655 0966 367V 31J4 8M3T S54,Euro,3.67
3530229261975856,FR62 4002 4541 59NN ADHM XNMW M80,Balboa,5.96
6333404006164132514,HR22 9902 0722 9505 0468 5,Ruble,7.15
4017951737162,FR90 2701 6361 5850 L7CI 4C1V L71,Pound,9.61
4175001823670921,SA49 82PU 03UG BSL7 W5ZB AJ6Q,Koruna,4.16
3528049677399317,GE65 UM38 1813 4480 1604 77,Euro,6.17
3572201522673942,MU48 PEHG 1052 3158 7295 6982 714C LW,Tenge,8.20
6759097200673453,BR12 4649 8673 4431 0801 2046 296Q Z,Yuan Renminbi,0.45
6706918376766459508,MU45 WCPT 8213 9625 2810 1575 915X HD,Yuan Renminbi,0.43
6370973990839281,FR64 8799 0826 51IE CY4V SKAZ X18,Yuan Renminbi,2.22
6304606605281500755,ME80 1552 0364 4564 2523 49,Dollar,1.73
503874587617003100,AZ53 VUOG 9RRW QZ5K TWRJ WUTM 1WOR,Rupiah,9.60
3559954652443968,MR31 5966 8031 8706 1049 4281 453,Euro,2.08
5556967204178187,FR61 1453 0830 20RN ISV7 SBKQ A58,Hryvnia,3.77
4917141973941749,FR21 5503 7441 85NT 5D3R D1ZJ L66,Dollar,4.38
6333745502907624,AE38 9105 1674 5724 6152 283,Rand,4.86
3547181200200873,FO84 7159 8970 7268 19,Euro,9.40
3559801467839791,AZ56 KEWS DNID SPU0 KO1S SC7R AGRR,Rupiah,6.31
3584106247698551,BE46 2382 8831 9411,Ringgit,0.42
3568557304223735,FR90 6438 2183 561K TTDO I0A7 P56,Rupiah,7.94
3541240616447183,SE02 0911 4748 7784 1878 1480,Rupiah,2.35
3579223632516798,AT47 1101 3454 7325 6808,Rupiah,3.53
3589914631478265,ES39 6345 5266 7620 3254 0870,Rupiah,9.06
67092923907192604,SI86 2017 6034 6877 281,Peso,5.04
6304119442799738,GT70 KVOO QSGT 4UXQ A4SH SBZM NV7A,Euro,3.81
5602228835584994,LI66 5217 0AXL QPXQ ZVPJ Y,Rupiah,9.27
67632208776441481,SI37 3250 8147 3642 330,Ruble,8.19
5365621121752613,IS78 0615 0051 9425 0715 8881 14,Peso,2.27
347254736465449,CR33 4500 7865 4909 2236 5,Shilling,3.19
3571334529849578,LT86 7577 1139 8387 2623,Yuan Renminbi,9.73
3576612676746795,IE54 MAPX 1654 9121 4946 23,Ruble,6.82
30524794779911,DO26 NH1Q 5037 7841 6131 2152 2635,Yuan Renminbi,0.98
4840417908550,FI22 8767 2586 8274 61,Euro,3.67
67631151202504293,VG61 SXIC 6380 4658 9351 7081,Zloty,8.42
3581641997014982,PK15 GRRX GWR0 GKN9 DAXQ 1SRS,Shilling,7.81
3539654305961649,CH31 7600 0SB4 NZN9 STHS 2,Sol,0.98
5100176735382240,PS74 KACU LFA5 5QQC ZFT0 QZO4 PG2H C,Euro,8.82
201411877746418,VG96 SOQI 2702 5609 3357 3297,Lev,0.09
5406064364433503,FR11 5034 1939 38GW EMEO ITTQ N12,Peso,6.50
5100131325595404,BG76 LIQS 2466 32CK H2EQ NX,Leone,2.85
3574857491112168,FR29 0682 3348 26OV YYFZ LOVB S16,Rupiah,4.44
633461688271348007,VG18 LACY 4252 7603 8774 1819,Yuan Renminbi,1.56
5610041781422501,LT70 2403 8597 2595 1320,Krona,2.69
374283315047639,GB77 YIRJ 6852 8945 2106 01,Dram,2.01
3529613143710404,FR57 4293 9256 74ZT O4QQ 6DNC U92,Tala,2.31
5100173638785900,TN10 7247 2962 8525 4087 6806,Yuan Renminbi,9.71
30442670944964,FR70 5170 0396 65PF ECGP PLYI S82,Yuan Renminbi,7.62
3572937073423498,FR23 0444 9684 34YU FI76 QXTX E76,Rupee,5.80
3549700526018954,NO42 3391 1609 206,Hryvnia,9.46
670916004647473094,ME87 9169 2017 3302 7791 65,Yuan Renminbi,5.09
4405482085379819,LV20 EQRQ M1GY DSXA MS8Z S,Euro,4.53
373628433378921,PT77 2808 4448 7170 3604 3734 6,Rupiah,8.94
337941521713536,MR44 7615 1345 0869 0995 9137 624,Sol,6.87
4844318359492269,RO52 QRDP YLMD TNMT 17LP AZVG,Yuan Renminbi,2.81
3534909168329861,AD49 6146 7039 DPTV VYEJ LB17,Afghani,4.32
30355881941118,BG61 SFJE 9339 24ZC WQ7H OJ,Zloty,0.73
201632726807750,FI70 4685 9410 4170 22,Real,6.00
3548932969209193,SI30 8043 6800 4645 273,Dollar,6.89
374622958941501,AL40 5475 0370 SYVM UVJV LK51 3OAQ,Rupiah,5.29
3557965553446688,DE55 9889 4576 9752 2867 46,Dollar,3.48
5602216564908666,FO44 3204 2646 6588 80,Yuan Renminbi,7.43
3565670747917244,DE45 6670 4019 9220 3066 45,Denar,3.75
3587349346560655,DO45 YWFZ 4183 6621 1880 2502 8958,Peso,0.62
3547156940609963,EE45 4515 1488 7976 5989,Rupiah,7.89
633110066238450734,FO15 8226 7544 9896 63,Euro,6.46
3557720479686135,FR51 8663 0944 846U F58Q FBG1 M94,Hryvnia,9.71
201969445513537,FR43 2346 9940 75IO COWX BQW3 P44,Dinar,1.92
6331106541461465,LU38 046A KBHS A1OY ARQF,Peso,7.89
201720540244456,SK02 4310 5258 0247 0020 8405,Rupiah,6.00
3570133598923442,NO31 3121 0909 214,Euro,6.01
3545242004664847,CY93 9923 4650 YEBV OTER RNWR TFOP,Zloty,8.96
6389576645461127,FO69 4618 7919 6651 20,Euro,1.56
3569298768806991,AD39 3835 7160 X3S5 0OO2 HO3K,Rupiah,5.04
3533587599874167,VG23 ROTT 4166 1709 7733 1557,Yuan Renminbi,3.09
6759590501736060,BR94 1089 4211 3885 0338 5876 560T F,Rupiah,1.35
6304009081572094036,FR84 1041 3135 96SE EHSR LLB6 F36,Rupiah,1.37
4754905532592,GT93 IFFQ BFYO OORW IETZ PETL DJLT,Zloty,7.27
374083225584428,IS66 6955 7570 6972 8904 0317 52,Hryvnia,5.64
3563126646140950,FR43 1269 2322 71EH 79KH BYXI 997,Rupiah,4.71
3543967908202300,DE72 4586 9338 6275 4082 52,Ruble,5.13
5038343045209437959,GR69 6070 198P 5RDX QZU8 EP1Q BQQ,Hryvnia,5.86
5148808898351919,LU47 507O 0AZB 1HPF E571,Dollar,4.67
201964413087259,LB87 9259 5FME LJ6R TAIR 0DCK JUH6,Peso,4.65
4844787109302202,GI88 UJOM PV9W MVFE ZGZG BAO,Kuna,9.97
3570946715025290,CY95 1410 4446 TEGH CFUK AEZO CODI,Euro,6.17
3573039637513531,FR79 7291 7990 85FK CYLF Q71A E23,Ringgit,5.41
3560546445442963,FO37 9832 1425 3934 88,Euro,9.52
3535748034641383,NO36 3968 0064 290,Peso,8.25
3581713923701246,KW68 KLBW ZPA0 ODPB EAF8 MZWS BIEI DC,Euro,9.68
3556841365708832,RS67 2510 9241 0145 8781 54,Yen,6.65
3570362697338661,FR13 7315 3557 76MQ 32YX EFC5 C87,Rial,4.82
3581957097032728,FR38 4242 9608 80QG GY7V GEAA D27,Krone,2.69
3549381919606273,BR57 2135 7055 6213 4526 7836 285C K,Krona,4.55
5048373060419235,SE08 8240 4243 2533 9110 7351,Peso,8.47
3569220090907800,DE63 4861 3922 1477 7218 39,Sol,7.47
30299940426960,HU93 6017 2784 7497 9689 9879 3614,Denar,0.85
3560385109086554,LV89 ANEO F1C7 GLHE 3DOA Y,Tugrik,7.12
6334328894156438,CH84 3515 1FTJ NZOG WYDF M,Rupiah,1.63
5002359353542894,IE26 SPKQ 2688 1282 0845 65,Koruna,1.10
561053304442140482,EE17 1768 4882 3028 2701,Ariary,2.86
3544852255580921,PL92 8299 4240 4875 1297 9914 7190,Peso,2.65
5100142457982971,AE77 2455 6429 6847 7644 612,Euro,2.28
6771612935053229396,MR37 9667 3629 4884 3521 4862 251,Yuan Renminbi,3.69
5602232571673557,FR97 6757 6671 40FG JBHK VJHB A55,Euro,2.62
30587222714289,HU04 5682 7298 5808 9179 1022 1642,Euro,5.89
3553669171846006,LI06 3586 3CET Q1SJ AV7N A,Yuan Renminbi,5.25
6333987035814139,SA79 648Q SHS4 V6EB NW7M MS4L,Ruble,6.14
633110812485858271,AT24 3319 1749 8722 0999,Rupiah,0.33
36687621738139,BR30 9627 1620 0490 5686 0032 863J T,Rupiah,4.42
3546860444539698,GL27 0872 0278 3406 53,Rand,0.60
3544254604402461,FR75 5546 6108 21WH MEAI 9NFH Q55,Pound,5.84
3535654415722331,AZ27 KZTI FKKM LWBR J3LG HXW4 1GU6,Rupee,6.31
3544763167577295,IS57 8551 2685 8421 0690 0441 51,Real,5.56
3574144759105048,PS86 ECEH XQUW MGX5 XPBX GIQG RRBH C,Hryvnia,8.12
5442571978123318,FI53 5149 9278 7352 31,Baht,2.72
3536527971797476,AD67 2129 6303 7LA5 5KT6 WIHR,Guilder,5.84
372301760307753,LV98 FEDP UUZT DTN9 T03B J,Ruble,3.83
3574103785354608,PL84 0836 6872 9370 4107 4980 0007,Peso,1.87
3544805075553833,AE57 5702 7316 5443 9254 394,Balboa,4.77
373828190458938,GL90 2446 2304 3437 82,Euro,3.20
4996111824640,BH53 EONR ZBEH ORGR U9VA HE,Dram,8.00
0604497897292535240,LV36 PVHW FLM3 WAOJ BYPM S,Rupiah,2.71
5383169048758055,FR80 8312 4380 37GU PRNG 0QR1 179,Pound,5.46
6379113805620284,FO74 9905 4699 2629 20,Peso,9.12
3559788748740775,GI92 ZVRG POXX QNES V9TT UGE,Dollar,2.94
3569318754665878,DO61 S1IU 8277 5962 7038 6678 0190,Kuna,1.33
3578626444523805,AL25 4662 2733 Y1MV 7TEF 6PTF ZLVP,Peso,2.63
5002357927718172,CY18 9771 0844 LFW6 ZWPV 9LOJ G4GK,Baht,1.39
5610078215110603414,GR25 7637 1929 LXYK CQDF YCXO DMP,Yuan Renminbi,9.80
3580625480453972,FR84 5721 6406 52D1 IXE6 4ATA I07,Euro,3.93
56022562609231977,PT45 5515 6984 4231 8269 4521 4,Ruble,4.26
3544080011125480,IT78 S590 1736 577M TUMX DI5F TLB,Dong,1.24
4905484299099709452,SM46 Z639 2161 697P HOBK S7XD TSD,Yuan Renminbi,7.22
337941387154502,LI30 5407 05DA 8I5M HIUJ C,Koruna,0.78
3563906996183621,PT93 5800 7745 7110 1743 7942 4,Krona,9.81
6331103707287198,CR95 1915 7918 7900 5781 9,Balboa,3.43
5610558347672394,BG61 MUYB 2748 04LE 7QUA PO,Yuan Renminbi,4.67
201674698068292,PK27 ATZQ CNX0 HDFG HWEU W6ZR,Baht,9.23
3528724514060625,TR67 0547 3VY0 4SLB VH8H FT4J CC,Rupiah,2.82
3559883716137540,DE37 6950 2601 6193 3795 28,Euro,3.35
4175001097431661,KW33 JNFO 6D74 14BZ XG3P MLDA KG5E ZO,Yuan Renminbi,8.27
36551779293364,LV57 CNLF RBMR DOOK TCCU B,Yuan Renminbi,1.55
374283444082416,SM58 V065 2214 776H DXRN LGZ6 2XP,Peso,6.10
6759577813598676,NO81 6495 0832 213,Yen,6.65
3560291277356300,FR88 6173 0914 83OM PPSV RLGA 947,Rupiah,7.78
5602244739305394,GT74 I7VF PFWF HBKJ KZYR KQ3E IFRC,Yuan Renminbi,2.11
4017954000840,NO43 4140 0404 754,Peso,2.63
4405147285446607,AT15 6675 8739 2320 0103,Rial,6.45
345786293263446,FR31 7837 3006 88B2 EJXS 3HSI G46,Rupee,3.43
3578412159404071,KZ02 0497 XVPY ZBKF T0NS,Dinar,4.70
50202305894430028,AT37 9986 7155 5196 5059,Shekel,7.09
5602243385025140,IE34 PVAM 3007 3742 4073 77,Franc,6.73
5100136946586260,CY11 5199 8709 Q5DV F1G0 MLPY H7SB,Rupee,6.77
3536758598501625,RO85 HBHC WUCF KPYU UIIR N4VO,Dollar,8.23
6334528372109896,AE84 5283 9211 2097 9323 875,Yuan Renminbi,1.12
589355995725172849,PL42 1425 0027 8382 2075 9645 6113,Rupiah,3.43
3564331154279450,LI36 5484 1PLZ SF6F Z0QV S,Euro,9.92
3586530268127737,KW64 YBAD SM5K GZC7 YIQZ CCKO 6KBV ZU,Real,8.55
3589702244156737,TR52 0241 1JWW U4BD 6RZL HQJG SA,Dollar,4.29
3559188833266606,ME21 4541 4992 0063 8782 69,Rupiah,5.07
201723901561401,SA57 15NY 2VVX RQRG AKIJ KKPZ,Yuan Renminbi,8.43
5602232909603979,SE62 6014 3002 3714 7627 6854,Real,2.25
3535673565082197,PS92 UCRB AATE XZD8 I5JV G9V9 CBJA M,Euro,8.11
3541164889134353,RO34 AKOT 5JLF MX1O VPIT 5YBU,Ringgit,8.07
5364929469699416,AE11 6472 7889 4201 2963 255,Yuan Renminbi,1.26
3573825242467224,CY88 2182 0116 RUDB 70WY 61AC 6K4D,Yuan Renminbi,5.70
6334379418537660,LV58 QYWZ PZ6K WUCS TCDK D,Pound,9.42
4041593135116496,SE83 5756 3101 5471 7588 6700,Dong,0.81
4936202184933647421,FR02 2401 7223 458D Q4FV C5RI D47,Yuan Renminbi,2.31
5038779921057398,PL91 5302 9669 8865 3915 1725 4039,Yuan Renminbi,9.25
3528073785561899,AT72 9541 6608 6747 3483,Rupee,4.09
3535838152397528,NO46 5732 2887 770,Rupiah,7.32
337941302763718,PT78 9561 6454 1603 5938 3209 4,Baht,8.30
4405684595632294,FR63 9375 2594 544X N60X TI5O V93,Hryvnia,0.95
58937462746958550,CZ91 9999 5864 1848 4467 2652,Real,3.44
3584215461741730,PT77 9950 8116 8195 5014 5998 2,Dollar,0.76
5893120287396846488,SK98 3215 9004 4989 0402 4127,Ruble,8.18
30416672607233,DO35 BMJK 7485 8942 4566 0133 2081,Rand,0.21
201959700771870,SE45 2920 0964 3576 6850 4779,Lek,3.12
3574763505235559,DO24 XDW5 2929 1657 5834 0294 2733,Franc,2.85
3582488651974377,AE57 0400 3686 0713 8518 434,Rupiah,4.81
3543974305808184,SI42 4221 1019 3932 636,Dollar,5.49
4175008615756669,SA61 25IE E7TC 47SY TR0I CSWF,Zloty,3.13
337941278229264,GR55 6450 016J 76OZ 6YFH LUAC UK4,Baht,3.67
3553983981159157,MT40 ERVC 0766 5HIS 5SZ0 DCK8 5ZSM VGS,Krona,8.00
3567601628579454,EE30 8419 7132 3998 9430,Krona,4.83
201986729212396,HU34 6655 6056 0901 1479 8046 5386,Peso,8.95
3540445265171056,TR19 0619 5LCV AKAR WSJC GETB MY,Euro,2.21
201629411575411,MT42 AVZH 9443 5LYL 5EFT 1N84 0E1U JT9,Peso,0.43
3579367589850716,RS44 6285 6835 6204 7544 32,Rial,9.92
3589065014708644,ES78 4388 8487 9321 4869 9411,Yuan Renminbi,4.54
63043386710958646,FR16 0830 0120 31SG BDGD E173 V32,Yuan Renminbi,5.02
3588364276471681,FR77 6676 1454 66NR 8BE9 ANHC G15,Baht,3.61
3565205729545026,FR31 6494 8234 532U Y8JS RRAZ S34,Yuan Renminbi,5.14
3533809822475731,DO18 DMEQ 5678 3518 7298 3555 1333,Rupiah,0.80
633110836043018896,AL09 6264 9257 2ZGP V9CR VIFA ONWK,Peso,0.82
5236051397166438,DE96 7515 4808 7166 8121 12,Dong,2.04
3548425343390516,MR71 8141 4471 7760 3439 0155 085,Dollar,5.53
67611290551932525,MK96 163L 7DEL WDXW I17,Peso,9.00
374283120611223,FR23 8723 6589 70WW AGZT N47C X22,Peso,2.92
564182410520625779,PK55 MFBQ FGBB FESW QDDB NUDO,Krona,6.42
676133007685884571,GL47 9173 9050 4899 66,Peso,8.02
5100130528011607,SM32 J704 1619 515N U6SP BB6H 3OF,Rial,8.60
3564700190562584,MU85 XETE 1923 6558 5265 9890 525Q UL,Sol,4.83
5602217451325584,SI06 8496 4931 9344 193,Marka,3.37
3576742442221938,BG22 LZLU 0299 69ME FNOU GB,Dollar,2.38
4913676754440613,FR20 7670 8183 8658 OWUY FBHY M08,Franc,5.18
5301464608873322,DE62 6721 8346 5687 4487 10,Hryvnia,9.95
5497224668223634,PK95 POBP GGYN DI4Q L2VS KRRO,Peso,0.98
3578090787464756,MK20 991A 6EBQ BKYJ B11,Dollar,0.14
3577277648287440,VG05 EPYZ 7092 4263 5313 8840,Real,7.34
3529451495331317,LT39 0751 6570 9228 0109,Ruble,2.99
5108753109218192,HU47 8498 4368 4658 7062 3029 3962,Tenge,3.27
5602219004989908,TR81 1148 7CYF EGEI RAUX C2U6 RW,Peso,0.03
201488073863429,MR26 6643 8387 8606 1816 3417 409,Sol,1.32
6331107452004545149,EE79 7873 1864 0478 6035,Rupiah,6.82
3552661066474532,LB04 4858 XDK9 QSKS GKBI Z9LW 9VNE,Rupee,3.21
6759146155174981,FR40 1885 5525 394M QRSX ZJPI G71,Peso,1.52
3570027244731946,LB41 8885 BNIU 79JX QFB1 JCP1 E1QY,Yuan Renminbi,2.31
3587397869690433,IT68 R221 2775 841C LOON OL6C RA9,Rupiah,5.96
4911675587144782,RO66 SQON WORA 1BHT PICK IFM6,Ruble,5.68
5048373403710910,FR09 8444 0838 88XJ JSKJ 1PVC P22,Franc,3.96
3537222187515735,LU67 408J LISH TNPM SNIJ,Rupiah,3.64
201671672709586,RS55 8714 7373 7536 4779 08,Euro,0.69
5100173952096371,FR63 6431 8595 935J WGCK HVVR M16,Ruble,8.37
491178335155473074,FR97 4746 7668 52BJ PI89 PNIF V92,Ruble,0.65
337941449603769,PL85 6800 7188 1841 7831 6289 0415,Pound,9.76
348010605240738,GE34 FT66 9986 3986 0782 81,Yuan Renminbi,8.16
3589737730028362,SM64 O739 2613 756H SWBN RKEO 0BN,Sol,7.42
3566838949359882,RO85 DEEZ F9AY TOEX EK7F AD9H,Dollar,1.57
6767224902213740397,GE72 KJ16 6225 0176 9526 85,Real,5.35
5038507500822550168,LB05 9993 OIMG ABJV CSM7 KL6O JPKG,Peso,0.46
67093093609852498,GT83 A33E OT6H K6QN XY66 KEEG M2OU,Real,5.92
3545756172121553,FR24 4358 1029 69L9 1OD7 PBLP Z52,Euro,8.46
4017952856847,ME56 3556 9328 9610 4558 28,Yuan Renminbi,0.99
5100140104251774,RO54 OFDW G6FC MXHZ T1OC SXW1,Euro,6.10
6382445506020017,SE88 7236 1044 0830 2004 0296,Peso,8.38
30441271788408,FR55 1172 3821 01XF CZRE PWD3 D40,Euro,5.43
670619042890954808,SI98 3121 5685 3056 578,Euro,4.04
4913847946143007,MK92 6241 M9QN QOCB W48,Yuan Renminbi,1.71
3536577507005902,LT43 8623 3275 1717 5339,Dinar,6.84
4026989493817122,FR39 7334 9108 839I IRCR 0JQ0 503,Rupiah,7.79
3535961802358441,TR98 5033 12PM UCD3 HTCE 0NEB AL,Rupiah,8.89
5602243762933205,LT55 4032 7547 7183 2213,Ruble,5.88
5002352248754014,ME92 9699 2460 5489 3581 80,Real,4.49
30519205141354,CR35 1613 9454 3363 6170 2,Dollar,4.46
3539041278722515,SK27 8656 8248 2467 4938 5121,Peso,3.50
3543406160596133,BR29 2519 1533 5409 3380 1049 527P X,Sol,5.08
5602255667472840,HR29 7375 1436 1063 3902 2,Yuan Renminbi,7.00
3577035400422070,VG83 GZID 9417 6235 9865 9199,Zloty,8.80
3541029943926773,LV31 XDGJ 4OCF 4HY1 GLWM J,Euro,6.84
3541385832464411,GR71 1598 205V 2BHS JORK M13K URK,Euro,2.68
30545005828544,HU30 3289 3353 9478 6977 6656 3381,Naira,8.04
30499043941317,FR62 9685 6346 75SG SIO0 ZFW2 Y14,Yuan Renminbi,6.19
5100143318385198,PT31 0752 1458 3314 2688 4470 2,Rupiah,8.57
5602235625632644,FR52 2127 3897 38EG UUHI 0IM3 930,Peso,7.62
3571744986654222,GT70 XORR 67JQ 7JJQ PT2J QKSD IDMH,Peso,9.07
3562033580983547,IL41 4482 1850 6200 5588 505,Rupiah,3.77
3549734207699949,AL31 0619 3360 SNI7 FKSI 2SJK RIW4,Peso,4.87
5610632136916122756,MT70 VGQS 2411 5FUK ASSC Z5P6 MSSO O0V,Rupiah,4.49
6759660667148176,RS35 3398 3499 7202 2138 03,Real,9.58
3528832653927163,MU07 QWDT 1091 8013 5848 9319 278C MX,Euro,6.34
3578128472377840,LI75 9339 8DBO 8L8V WS2B N,Dinar,6.81
3542824611264401,BA09 2154 8466 5788 4820,Zloty,4.70
3543744301522737,LU25 487O STTW FUN6 IB7M,Euro,2.22
3544912475357680,LV90 GDLH O4V4 LTKW UQPS K,Peso,6.64
3580681005939318,PT23 3118 9137 4321 4936 3785 2,Zloty,1.11
3559780811105671,FI42 3754 8938 6933 63,Real,8.33
560222853846399191,BA40 1806 2222 0950 2645,Yuan Renminbi,0.88
3554535836465004,NO33 4158 0807 280,Rupiah,6.06
374622288188120,GT72 FPQ8 4GWI LT0E DHRK GWFA FALA,Yuan Renminbi,0.88
3535386855852894,TR29 3220 7T4M UHGK OD1X YH82 SJ,Yuan Renminbi,7.05
50387983877613120,FR23 9785 0450 02QA 3K7X IITO U49,Yuan Renminbi,2.31
4175003473075252,KZ27 488G YISN RB6L DNVG,Ruble,9.88
5110452829925469,AL59 9348 6253 METS 3UIL UIHK D2WM,Euro,3.96
3530474493439475,FR48 1631 2878 30O8 5VNR SBX5 464,Yuan Renminbi,1.94
5479162693345935,KW31 BJYG XBCB 5NOH EBPH B02B DY3C KK,Ruble,4.79
3543294245710899,SI17 1342 2395 6549 593,Yuan Renminbi,8.93
4175003972067362,LV72 VMQJ OB93 LYKQ U3LD F,Euro,0.49
3566397135035327,TN15 8737 0446 5108 2457 5372,Yuan Renminbi,6.88
67632754531738380,FR34 3542 7449 45GU W0WV KAYX B08,Dollar,6.10
3552754595159789,AD27 2206 4578 55MB RSFL WJLA,Euro,4.52
3564932555940838,BE51 7814 1235 3771,Pound,3.06
3581971639477663,GI18 NTRH P17K EBL7 CQ6S I23,Euro,5.11
4017953444023,FR56 1241 0861 83FW Z1W6 4DXA V21,Franc,6.38
4913735007506230,DO45 IYEA 8832 3368 8615 8077 6007,Rupiah,4.69
30324838017968,FR54 3376 8923 78KW EKHN UWYA X43,Dirham,6.21
30352790380033,IT18 E370 9723 852T YPH6 1QFM ZSZ,Manat,2.40
4017955301148,FR02 8720 6653 183X YEUJ YGLW 968,Kwacha,5.80
5229364363551056,MD03 H2O2 DDJF PZQA CDHH IANQ,Sol,0.87
6391432286896732,GL23 5340 0400 4809 88,Yuan Renminbi,6.67
5518710516548029,ME80 1370 8537 1582 8728 44,Krone,7.00
3587902638925737,AT35 8147 7061 7554 1763,Yuan Renminbi,1.65
3563336091408881,CR43 8660 6098 7876 1725 5,Dollar,2.88
3534562874605445,PK91 QWNM TTQ5 PZBJ YEKQ SCEE,Euro,5.56
5010126749194569,BG77 JCXH 0758 73EL 4GL5 PA,Euro,7.14
3543285492266130,BA96 6106 3086 7700 1514,Rupiah,8.46
4911279656893686870,GL90 2349 5916 8297 13,Peso,0.10
201421882127975,CH96 8055 9YLI 3E6A I1IM G,Yuan Renminbi,7.85
3544583056131487,GI59 ZXJH LF61 UH7K YKQA ONN,Zloty,4.61
6762150524699371718,MR82 8935 6694 0722 0624 9221 468,Colon,7.93
3554938944455372,SM31 M763 2801 327Y PPME HEND 7S5,Dollar,7.81
3544763181049768,PK55 EEFP UCTK 7FAR MYYA DZQH,Dollar,5.07
56101855845111597,SM54 N187 1560 5503 HIM8 TH7F 6SA,Rupiah,8.96
3566413114044402,MR57 5944 5661 9311 9768 9264 435,Yuan Renminbi,8.23
6333987253313517,TR84 1538 9BR9 GSZJ QG84 ECNZ EO,Zloty,6.40
5602210529897012953,IL20 1681 6377 4067 9430 403,Rupiah,6.64
201510047345736,DO44 LFW7 7966 3804 5257 6451 2126,Pula,4.99
5588335107975103,RO52 DSLV 9AJM SI7Q BJ22 D7MH,Rupiah,8.91
3583892337752488,LV80 PYVM VFGI IIH9 Q1JK N,Dollar,7.54
560222680221634854,KW88 LFEP YHYI PEBV 9NLC 1U1W XIKR EB,Ruble,3.64
3548225352360677,GT86 SSYQ RJ47 L6XX JEJO DVQ8 9QOO,Peso,5.61
560224290417022456,FR75 2601 0060 86VS M52R VPJM R75,Euro,1.28
3544524278174871,DK69 2098 9991 4981 65,Krona,7.76
56022438691189664,EE69 6144 5141 8862 8725,Peso,7.70
3561136201013338,IS65 6457 1178 4413 9918 4641 87,Ruble,2.00
3566103357305574,IE62 ZHSJ 0637 9787 9836 39,Yuan Renminbi,7.12
50201801925490891,PL62 1082 1507 1069 5302 7394 6130,Real,7.12
5602211010541732,FR28 5514 7286 83S1 RDGW Y2LC B51,Rial,9.33
633423220597337147,FR34 9869 7694 98XT AFZA RZGT R78,Ruble,5.46
3547211415233904,HR77 9304 2089 8332 7243 6,Rial,1.50
5610982165904152,BR22 1687 0501 5009 0059 8763 236D 3,Peso,1.93
4917949078562156,AL96 3452 9602 OBWM RC6I OS4N ROH5,Franc,2.21
5007664469376888,FR02 7782 9718 00WP GWEY 29TX W25,Peso,2.16
5163183160351967,BA34 8824 8845 9830 1687,Rupiah,6.91
06040737907825141,BH95 GNAC CKBX NURY GKK5 WS,Hryvnia,3.89
5641826472960352,MU72 MPRI 7583 2251 7510 9564 883V YS,Rupiah,7.24
3556452538078911,SI70 6040 8075 1441 834,Dinar,1.94
560224206539457149,GR30 6485 945X W6CX EBQZ O2TK YMH,Yuan Renminbi,8.27
3587617034060885,PL80 4090 1501 2492 2354 6007 5515,Euro,8.18
3571283557202145,SI32 9564 8081 0333 386,Euro,1.64
06048374188615587,RO71 EJPE QWEZ MAWQ ZQ0B FAPA,Peso,9.63
3589926884102350,MK91 617N FGZX E0EL Q02,Peso,4.32
30215447660950,ES02 9146 9256 6181 7278 4082,Peso,9.97
3534000462829473,GT77 JEHH CYT4 SRWV HFU1 O5MB VL2F,Franc,3.84
3562353311758350,MK47 438I YUP4 W25W N67,Yuan Renminbi,7.70
5610763468932698,SI91 2965 0319 7113 858,Zloty,3.10
5100141098307564,FR95 0029 1412 63VO 3ZVS NADO X68,Euro,4.02
67618240578160884,MK26 824W GDDM LCSJ N68,Yuan Renminbi,3.76
3537558824661345,GI12 QEUX VEXR W02C ARF2 2CI,Peso,1.02
3553226372425302,FI07 5980 2605 1743 95,Yuan Renminbi,4.71
4917343573980784,LV91 DXSX 0ICA MGXK DRG7 J,Yuan Renminbi,3.46
3541798367495370,MD92 RPPE VNFB P3FM KJ2X JV6R,Tenge,4.90
3565947892308613,SM71 N743 4346 288V ZAUE 74PR ETJ,Rupiah,4.91
3574133989448062,IE66 KYEA 2492 8768 4555 12,Marka,1.69
3557813407570396,KZ62 1012 XEJO YOST 1LY0,Rupiah,4.91
3567411287492035,VG10 UOVQ 1759 7292 1387 0699,Ringgit,5.82
3545487259792872,MD77 RAEF G54G BM4J QPRK DH8J,Krone,0.76
3554946840262560,AT56 5398 6232 9125 3083,Koruna,4.35
5100175038025357,NL71 AJTO 2667 6550 12,Dinar,5.05
6762966301572175,FR84 2007 3870 02RK MXXE HG5G X45,Yuan Renminbi,0.58
